Type,Name,Request Count,Failure Count,Median Response Time,Average Response Time,Min Response Time,Max Response Time,Average Content Size,Requests/s,Failures/s,50%,66%,75%,80%,90%,95%,98%,99%,99.9%,99.99%,100%
GET,Health check ip lock,117454,117394,7,6.691133902812072,1.0547470001256443,30.17348299999867,93.96015461372112,652.4429170746087,652.109624253381,7,7,7,7,8,8,8,9,18,19,30
GET,Health check token lock,117035,116944,7,6.693909996873911,1.0655770001903875,29.81769100006204,93.93935147605417,650.1154222063686,649.6099280941734,7,7,7,7,8,8,8,9,18,20,30
,Aggregated,234489,234338,7,6.692519469591608,1.0547470001256443,30.17348299999867,93.94977163107865,1302.5583392809774,1301.7195523475543,7,7,7,7,8,8,8,9,18,19,30
