Type,Name,Request Count,Failure Count,Median Response Time,Average Response Time,Min Response Time,Max Response Time,Average Content Size,Requests/s,Failures/s,50%,66%,75%,80%,90%,95%,98%,99%,99.9%,99.99%,100%
GET,/health,237488,237398,7,6.640506017718595,2.0762359999935143,28.53826000000481,93.97044061173617,1319.2235754727149,1318.723633910225,7,7,7,7,8,9,9,10,17,20,29
,Aggregated,237488,237398,7,6.640506017718595,2.0762359999935143,28.53826000000481,93.97044061173617,1319.2235754727149,1318.723633910225,7,7,7,7,8,9,9,10,17,20,29
